{
	"start":	{
		"connected":	[{
				"socket":	5,
				"local_host":	"192.168.135.57",
				"local_port":	36854,
				"remote_host":	"140.112.30.186",
				"remote_port":	5201
			}],
		"version":	"iperf 3.17.1+",
		"system_info":	"Linux x415ea 6.5.0-35-generic #35~22.04.1-Ubuntu SMP PREEMPT_DYNAMIC Tue May  7 09:00:52 UTC 2 x86_64",
		"timestamp":	{
			"time":	"Tue, 04 Jun 2024 02:51:44 GMT",
			"timesecs":	1717469504
		},
		"connecting_to":	{
			"host":	"140.112.30.186",
			"port":	5201
		},
		"cookie":	"bp3637sai6bgxio5l5slelvthuwmf5wrntvz",
		"tcp_mss_default":	1382,
		"target_bitrate":	0,
		"fq_rate":	0,
		"sock_bufsize":	0,
		"sndbuf_actual":	16384,
		"rcvbuf_actual":	131072,
		"test_start":	{
			"protocol":	"TCP",
			"num_streams":	1,
			"blksize":	131072,
			"omit":	0,
			"duration":	10,
			"bytes":	0,
			"blocks":	0,
			"reverse":	0,
			"tos":	0,
			"target_bitrate":	0,
			"bidir":	0,
			"fqrate":	0,
			"interval":	1
		}
	},
	"intervals":	[{
			"streams":	[{
					"socket":	5,
					"start":	0,
					"end":	1.001189,
					"seconds":	1.0011889934539795,
					"bytes":	131072,
					"bits_per_second":	1047330.7306171446,
					"retransmits":	0,
					"snd_cwnd":	35932,
					"snd_wnd":	150528,
					"rtt":	331131,
					"rttvar":	16516,
					"pmtu":	1500,
					"omitted":	false,
					"sender":	true
				}],
			"sum":	{
				"start":	0,
				"end":	1.001189,
				"seconds":	1.0011889934539795,
				"bytes":	131072,
				"bits_per_second":	1047330.7306171446,
				"retransmits":	0,
				"omitted":	false,
				"sender":	true
			}
		}, {
			"streams":	[{
					"socket":	5,
					"start":	1.001189,
					"end":	2.000281,
					"seconds":	0.9990919828414917,
					"bytes":	131072,
					"bits_per_second":	1049528.9903315729,
					"retransmits":	0,
					"snd_cwnd":	41460,
					"snd_wnd":	210944,
					"rtt":	388098,
					"rttvar":	12597,
					"pmtu":	1500,
					"omitted":	false,
					"sender":	true
				}],
			"sum":	{
				"start":	1.001189,
				"end":	2.000281,
				"seconds":	0.9990919828414917,
				"bytes":	131072,
				"bits_per_second":	1049528.9903315729,
				"retransmits":	0,
				"omitted":	false,
				"sender":	true
			}
		}, {
			"streams":	[{
					"socket":	5,
					"start":	2.000281,
					"end":	3.000292,
					"seconds":	1.0000109672546387,
					"bytes":	131072,
					"bits_per_second":	1048564.500126122,
					"retransmits":	0,
					"snd_cwnd":	49752,
					"snd_wnd":	210944,
					"rtt":	250623,
					"rttvar":	7596,
					"pmtu":	1500,
					"omitted":	false,
					"sender":	true
				}],
			"sum":	{
				"start":	2.000281,
				"end":	3.000292,
				"seconds":	1.0000109672546387,
				"bytes":	131072,
				"bits_per_second":	1048564.500126122,
				"retransmits":	0,
				"omitted":	false,
				"sender":	true
			}
		}, {
			"streams":	[{
					"socket":	5,
					"start":	3.000292,
					"end":	4.00035,
					"seconds":	1.0000580549240112,
					"bytes":	131072,
					"bits_per_second":	1048515.1285338884,
					"retransmits":	0,
					"snd_cwnd":	56662,
					"snd_wnd":	210944,
					"rtt":	491981,
					"rttvar":	28131,
					"pmtu":	1500,
					"omitted":	false,
					"sender":	true
				}],
			"sum":	{
				"start":	3.000292,
				"end":	4.00035,
				"seconds":	1.0000580549240112,
				"bytes":	131072,
				"bits_per_second":	1048515.1285338884,
				"retransmits":	0,
				"omitted":	false,
				"sender":	true
			}
		}, {
			"streams":	[{
					"socket":	5,
					"start":	4.00035,
					"end":	5.001188,
					"seconds":	1.000838041305542,
					"bytes":	262144,
					"bits_per_second":	2095395.9716243125,
					"retransmits":	0,
					"snd_cwnd":	80156,
					"snd_wnd":	213888,
					"rtt":	417991,
					"rttvar":	23377,
					"pmtu":	1500,
					"omitted":	false,
					"sender":	true
				}],
			"sum":	{
				"start":	4.00035,
				"end":	5.001188,
				"seconds":	1.000838041305542,
				"bytes":	262144,
				"bits_per_second":	2095395.9716243125,
				"retransmits":	0,
				"omitted":	false,
				"sender":	true
			}
		}, {
			"streams":	[{
					"socket":	5,
					"start":	5.001188,
					"end":	6.001192,
					"seconds":	1.0000040531158447,
					"bytes":	131072,
					"bits_per_second":	1048571.7500172256,
					"retransmits":	0,
					"snd_cwnd":	111942,
					"snd_wnd":	213888,
					"rtt":	720015,
					"rttvar":	49045,
					"pmtu":	1500,
					"omitted":	false,
					"sender":	true
				}],
			"sum":	{
				"start":	5.001188,
				"end":	6.001192,
				"seconds":	1.0000040531158447,
				"bytes":	131072,
				"bits_per_second":	1048571.7500172256,
				"retransmits":	0,
				"omitted":	false,
				"sender":	true
			}
		}, {
			"streams":	[{
					"socket":	5,
					"start":	6.001192,
					"end":	7.000206,
					"seconds":	0.99901401996612549,
					"bytes":	262144,
					"bits_per_second":	2099221.7907723757,
					"retransmits":	0,
					"snd_cwnd":	160312,
					"snd_wnd":	382720,
					"rtt":	799753,
					"rttvar":	28391,
					"pmtu":	1500,
					"omitted":	false,
					"sender":	true
				}],
			"sum":	{
				"start":	6.001192,
				"end":	7.000206,
				"seconds":	0.99901401996612549,
				"bytes":	262144,
				"bits_per_second":	2099221.7907723757,
				"retransmits":	0,
				"omitted":	false,
				"sender":	true
			}
		}, {
			"streams":	[{
					"socket":	5,
					"start":	7.000206,
					"end":	8.001186,
					"seconds":	1.000980019569397,
					"bytes":	393216,
					"bits_per_second":	3142648.1433198177,
					"retransmits":	0,
					"snd_cwnd":	216974,
					"snd_wnd":	445824,
					"rtt":	1071241,
					"rttvar":	38657,
					"pmtu":	1500,
					"omitted":	false,
					"sender":	true
				}],
			"sum":	{
				"start":	7.000206,
				"end":	8.001186,
				"seconds":	1.000980019569397,
				"bytes":	393216,
				"bits_per_second":	3142648.1433198177,
				"retransmits":	0,
				"omitted":	false,
				"sender":	true
			}
		}, {
			"streams":	[{
					"socket":	5,
					"start":	8.001186,
					"end":	9.001182,
					"seconds":	0.9999960064888,
					"bytes":	262144,
					"bits_per_second":	2097160.3750334457,
					"retransmits":	0,
					"snd_cwnd":	281928,
					"snd_wnd":	445824,
					"rtt":	1367235,
					"rttvar":	54381,
					"pmtu":	1500,
					"omitted":	false,
					"sender":	true
				}],
			"sum":	{
				"start":	8.001186,
				"end":	9.001182,
				"seconds":	0.9999960064888,
				"bytes":	262144,
				"bits_per_second":	2097160.3750334457,
				"retransmits":	0,
				"omitted":	false,
				"sender":	true
			}
		}, {
			"streams":	[{
					"socket":	5,
					"start":	9.001182,
					"end":	10.000874,
					"seconds":	0.99969202280044556,
					"bytes":	0,
					"bits_per_second":	0,
					"retransmits":	19,
					"snd_cwnd":	272254,
					"snd_wnd":	623744,
					"rtt":	1516458,
					"rttvar":	5839,
					"pmtu":	1500,
					"omitted":	false,
					"sender":	true
				}],
			"sum":	{
				"start":	9.001182,
				"end":	10.000874,
				"seconds":	0.99969202280044556,
				"bytes":	0,
				"bits_per_second":	0,
				"retransmits":	19,
				"omitted":	false,
				"sender":	true
			}
		}],
	"end":	{
		"streams":	[{
				"sender":	{
					"socket":	5,
					"start":	0,
					"end":	10.000874,
					"seconds":	10.000874,
					"bytes":	1835008,
					"bits_per_second":	1467878.1074534087,
					"retransmits":	19,
					"max_snd_cwnd":	281928,
					"max_snd_wnd":	623744,
					"max_rtt":	1516458,
					"min_rtt":	250623,
					"mean_rtt":	735452,
					"sender":	true
				},
				"receiver":	{
					"socket":	5,
					"start":	0,
					"end":	11.164937,
					"seconds":	10.000874,
					"bytes":	1179648,
					"bits_per_second":	845251.88095553068,
					"sender":	true
				}
			}],
		"sum_sent":	{
			"start":	0,
			"end":	10.000874,
			"seconds":	10.000874,
			"bytes":	1835008,
			"bits_per_second":	1467878.1074534087,
			"retransmits":	19,
			"sender":	true
		},
		"sum_received":	{
			"start":	0,
			"end":	11.164937,
			"seconds":	11.164937,
			"bytes":	1179648,
			"bits_per_second":	845251.88095553068,
			"sender":	true
		},
		"cpu_utilization_percent":	{
			"host_total":	0.049232915306055641,
			"host_user":	0,
			"host_system":	0.049232915306055641,
			"remote_total":	0.034572386157431537,
			"remote_user":	2.6869730174169591e-05,